AgentID,FirstName,LastName,Group,Location
1,Jarrod,Todd,Level 1,London
2,Chancellor,Mckenzie,Level 1,Berlin
3,Lamar,Pace,Level 5,London
4,Brenden,Nguyen,Level 5,Paris
5,Micah,Gilbert,Level 2,Paris
6,Acton,Calderon,Level 2,Paris
7,Cooper,Lyons,Level 3,London
8,Garrison,Bentley,Level 1,Berlin
9,Zephania,Herman,Level 5,New York
10,Tarik,Espinoza,Level 2,Paris
11,Chadwick,Lancaster,Level 5,Berlin
12,Cadman,Floyd,Level 1,London
13,Jerome,Weber,Level 1,New York
14,Jakeem,Randall,Level 4,Paris
15,Coby,Fuentes,Level 3,Berlin
16,Brennan,Rivas,Level 3,Paris
17,Wallace,Marquez,Level 4,Berlin
18,Gray,Huber,Level 5,Paris
19,Galvin,Wilson,Level 5,Paris
20,Yardley,Rose,Level 5,London
21,Clark,Olson,Level 5,London
22,Barclay,Gray,Level 2,Paris
23,Leonard,Curtis,Level 4,New York
24,Uriah,Guzman,Level 4,Paris
25,Chase,Watkins,Level 4,New York
26,Salvador,Bonner,Level 3,New York
27,George,Raymond,Level 4,Berlin
28,Reece,Galloway,Level 2,New York
29,Kato,Moody,Level 1,Berlin
30,Forrest,Bernard,Level 1,Berlin
31,Prescott,Pierce,Level 4,Berlin
32,Ulric,Francis,Level 4,Paris
33,Barclay,Winters,Level 5,New York
34,Raymond,Hanson,Level 5,Berlin
35,Zephania,Nixon,Level 1,Paris
36,Brett,Fuller,Level 3,New York
37,Hunter,Hyde,Level 3,Berlin
38,Merritt,Richmond,Level 4,New York
39,Gavin,Frederick,Level 5,New York
40,Keaton,Lucas,Level 2,Paris
41,Tarik,Chaney,Level 5,London
42,Peter,Sanders,Level 3,New York
43,Julian,Acevedo,Level 4,Paris
44,Tyrone,Gamble,Level 5,Paris
45,Allistair,Nelson,Level 5,London
46,Harding,Irwin,Level 5,London
47,Jack,Johns,Level 3,Berlin
48,Steel,Burks,Level 3,London
49,Hyatt,Lindsey,Level 3,Berlin
50,Daquan,Bradley,Level 5,London
51,Ali,Booker,Level 3,Berlin
52,Ralph,Rodriquez,Level 3,New York
53,Jin,Kidd,Level 3,Berlin
54,Oleg,Roy,Level 4,Paris
55,Beau,Neal,Level 5,Berlin
56,Hoyt,Barr,Level 4,Paris
57,Perry,Roberson,Level 2,New York
58,Sawyer,Finley,Level 1,London
59,Nero,Bentley,Level 3,Berlin
60,Walter,Avery,Level 5,Berlin
61,Ferdinand,Reid,Level 4,Berlin
62,Paul,Cabrera,Level 1,London
63,Benedict,Rojas,Level 4,Paris
64,Xenos,Walter,Level 2,Berlin
65,Marvin,Buck,Level 5,Berlin
66,Geoffrey,Ryan,Level 3,Paris
67,Daniel,Barry,Level 3,New York
68,Dieter,Gomez,Level 5,Berlin
69,Cairo,Sloan,Level 1,London
70,Carson,Blackburn,Level 5,New York
71,Ian,Underwood,Level 1,Berlin
72,Dane,Pennington,Level 4,London
73,Berk,Farmer,Level 3,Paris
74,Upton,Melendez,Level 2,London
75,Blaze,Lloyd,Level 1,London
76,Paul,Wilcox,Level 4,Berlin
77,Jesse,Rodriquez,Level 1,New York
78,Elvis,Cross,Level 5,New York
79,Neville,Lucas,Level 5,Paris
80,Keaton,Ingram,Level 4,Berlin
81,Herman,Glover,Level 1,London
82,Nicholas,Talley,Level 4,New York
83,Theodore,Fletcher,Level 2,London
84,Mannix,Shaffer,Level 4,London
85,Branden,Heath,Level 5,London
86,Holmes,Shaw,Level 5,Berlin
87,John,Cochran,Level 5,Paris
88,Chaney,Mcclain,Level 3,Paris
89,Kaseem,Boyer,Level 1,New York
90,Lucius,Ferguson,Level 3,London
91,Nehru,Hyde,Level 1,Berlin
92,Kasper,Valdez,Level 4,London
93,Aladdin,Calhoun,Level 3,New York
94,Caleb,Nunez,Level 5,Paris
95,Laith,Curry,Level 5,New York
96,Hakeem,Francis,Level 5,Paris
97,Tyler,Stephenson,Level 1,New York
98,Macaulay,Mclaughlin,Level 2,New York
99,Kelly,Frank,Level 1,New York
100,Carson,Bartlett,Level 4,Paris
